{
  "pageModelVersion": "19.3.1",
  "title": "",
  "description": "",
  "variables": {
    "getAllListSDP": {
      "type": "vb/ServiceDataProvider",
      "defaultValue": {
        "endpoint": "countries/getAll",
        "idAttribute": "alpha2Code",
        "itemsPath": "",
        "responseType": "page:getAllResponse"
      }
    }
  },
  "metadata": {},
  "types": {
    "getAllResponse": [
      {
        "alpha2Code": "string",
        "capital": "string",
        "flag": "string",
        "name": "string"
      }
    ],
    "@decorators.getAllResponse": {
      "endpoint": "getAll",
      "service": "countries",
      "path": "response"
    }
  },
  "chains": {
    "TableFirstSelectedRowChangeChain": {
      "description": "",
      "variables": {
        "rowKey": {
          "required": true,
          "type": "any",
          "input": "fromCaller"
        },
        "rowData": {
          "required": true,
          "type": "any",
          "input": "fromCaller"
        }
      },
      "root": "navigateToPage1",
      "actions": {
        "navigateToPage1": {
          "module": "vb/action/builtin/navigateToPageAction",
          "parameters": {
            "page": "specific-country",
            "params": {
              "countryName": "{{ $chain.variables.rowData.name }}"
            }
          }
        }
      }
    }
  },
  "eventListeners": {
    "ojTable3037643251FirstSelectedRow": {
      "chains": [
        {
          "chainId": "TableFirstSelectedRowChangeChain",
          "parameters": {
            "rowKey": "{{$event.detail.value.key}}",
            "rowData": "{{$event.detail.value.data}}"
          }
        }
      ]
    }
  },
  "imports": {
    "components": {
      "oj-table": {
        "path": "ojs/ojtable"
      }
    }
  }
}