{
  "pageModelVersion": "19.3.1",
  "title": "",
  "description": "",
  "variables": {
    "countryName": {
      "type": "string",
      "input": "fromCaller"
    },
    "countryCode": {
      "type": "string"
    },
    "countryCapital": {
      "type": "string"
    },
    "countryFlagURL": {
      "type": "string"
    },
    "countryPopulation": {
      "type": "number"
    },
    "countryRegion": {
      "type": "string"
    }
  },
  "metadata": {},
  "types": {},
  "chains": {
    "getCountryDetails": {
      "root": "callRestEndpoint1",
      "description": "",
      "actions": {
        "callRestEndpoint1": {
          "module": "vb/action/builtin/restAction",
          "parameters": {
            "endpoint": "countries/getNameCountryName",
            "uriParams": {
              "countryName": "{{ $page.variables.countryName }}"
            }
          },
          "outcomes": {
            "success": "assignVariables1"
          }
        },
        "assignVariables1": {
          "module": "vb/action/builtin/assignVariablesAction",
          "parameters": {
            "$page.variables.countryCode": {
              "source": "{{ $chain.results.callRestEndpoint1.body[0].alpha2Code }}"
            },
            "$page.variables.countryCapital": {
              "source": "{{ $chain.results.callRestEndpoint1.body[0].capital }}"
            },
            "$page.variables.countryFlagURL": {
              "source": "{{ $chain.results.callRestEndpoint1.body[0].flag }}"
            },
            "$page.variables.countryName": {
              "source": "{{ $chain.results.callRestEndpoint1.body[0].name }}"
            },
            "$page.variables.countryPopulation": {
              "source": "{{ $chain.results.callRestEndpoint1.body[0].population }}"
            },
            "$page.variables.countryRegion": {
              "source": "{{ $chain.results.callRestEndpoint1.body[0].region }}"
            }
          }
        }
      }
    }
  },
  "eventListeners": {
    "vbEnter": {
      "chains": [
        {
          "chainId": "getCountryDetails",
          "parameters": {}
        }
      ]
    }
  },
  "imports": {
    "components": {
      "oj-label": {
        "path": "ojs/ojlabel"
      },
      "oj-input-text": {
        "path": "ojs/ojinputtext"
      }
    }
  }
}