{
    "openapi": "3.0.0",
    "info": {
        "title": "Countries",
        "version": "1.0.0"
    },
    "servers": [
        {
            "url": "https://restcountries.eu/rest/v2"
        }
    ],
    "paths": {
        "/all": {
            "get": {
                "operationId": "getAll",
                "responses": {
                    "default": {
                        "description": "The content returned by the server.",
                        "content": {
                            "application/json": {
                                "schema": {
                                    "type": "array",
                                    "items": {
                                        "$ref": "#/components/schemas/Getall"
                                    }
                                }
                            }
                        }
                    }
                },
                "x-vb": {
                    "actionHint": "getMany"
                }
            }
        },
        "/name/{countryName}": {
            "get": {
                "operationId": "getNameCountryName",
                "parameters": [
                    {
                        "name": "countryName",
                        "in": "path",
                        "required": true,
                        "schema": {
                            "type": "string"
                        }
                    }
                ],
                "responses": {
                    "default": {
                        "description": "The content returned by the server.",
                        "content": {
                            "application/json": {
                                "schema": {
                                    "type": "array",
                                    "items": {
                                        "$ref": "#/components/schemas/Getnamecountryname"
                                    }
                                },
                                "examples": {
                                    "vb": {
                                        "externalValue": "./examples/getNameCountryName/response_default_application_json_vb.json"
                                    }
                                }
                            }
                        }
                    }
                },
                "x-vb": {
                    "actionHint": "getOne"
                }
            }
        }
    },
    "components": {
        "schemas": {
            "Getall": {
                "type": "object",
                "properties": {
                    "name": {
                        "type": "string"
                    },
                    "topLevelDomain": {
                        "type": "array",
                        "items": {
                            "type": "string"
                        }
                    },
                    "alpha2Code": {
                        "type": "string"
                    },
                    "alpha3Code": {
                        "type": "string"
                    },
                    "callingCodes": {
                        "type": "array",
                        "items": {
                            "type": "string"
                        }
                    },
                    "capital": {
                        "type": "string"
                    },
                    "altSpellings": {
                        "type": "array",
                        "items": {
                            "type": "string"
                        }
                    },
                    "region": {
                        "type": "string"
                    },
                    "subregion": {
                        "type": "string"
                    },
                    "population": {
                        "type": "number"
                    },
                    "latlng": {
                        "type": "array",
                        "items": {
                            "type": "number"
                        }
                    },
                    "demonym": {
                        "type": "string"
                    },
                    "area": {
                        "type": "number"
                    },
                    "gini": {
                        "type": "number"
                    },
                    "timezones": {
                        "type": "array",
                        "items": {
                            "type": "string"
                        }
                    },
                    "borders": {
                        "type": "array",
                        "items": {
                            "type": "string"
                        }
                    },
                    "nativeName": {
                        "type": "string"
                    },
                    "numericCode": {
                        "type": "string"
                    },
                    "currencies": {
                        "type": "array",
                        "items": {
                            "$ref": "#/components/schemas/Currency"
                        }
                    },
                    "languages": {
                        "type": "array",
                        "items": {
                            "$ref": "#/components/schemas/Language"
                        }
                    },
                    "translations": {
                        "$ref": "#/components/schemas/Translation"
                    },
                    "flag": {
                        "type": "string"
                    },
                    "regionalBlocs": {
                        "type": "array",
                        "items": {
                            "$ref": "#/components/schemas/Regionalbloc"
                        }
                    },
                    "cioc": {
                        "type": "string"
                    }
                }
            },
            "Currency": {
                "type": "object",
                "properties": {
                    "code": {
                        "type": "string"
                    },
                    "name": {
                        "type": "string"
                    },
                    "symbol": {
                        "type": "string"
                    }
                }
            },
            "Language": {
                "type": "object",
                "properties": {
                    "iso639_1": {
                        "type": "string"
                    },
                    "iso639_2": {
                        "type": "string"
                    },
                    "name": {
                        "type": "string"
                    },
                    "nativeName": {
                        "type": "string"
                    }
                }
            },
            "Translation": {
                "type": "object",
                "properties": {
                    "de": {
                        "type": "string"
                    },
                    "es": {
                        "type": "string"
                    },
                    "fr": {
                        "type": "string"
                    },
                    "ja": {
                        "type": "string"
                    },
                    "it": {
                        "type": "string"
                    },
                    "br": {
                        "type": "string"
                    },
                    "pt": {
                        "type": "string"
                    },
                    "nl": {
                        "type": "string"
                    },
                    "hr": {
                        "type": "string"
                    },
                    "fa": {
                        "type": "string"
                    }
                }
            },
            "Regionalbloc": {
                "type": "object",
                "properties": {
                    "acronym": {
                        "type": "string"
                    },
                    "name": {
                        "type": "string"
                    },
                    "otherAcronyms": {
                        "type": "array",
                        "items": {
                            "type": "string"
                        }
                    },
                    "otherNames": {
                        "type": "array",
                        "items": {
                            "type": "string"
                        }
                    }
                }
            },
            "Getnamecountryname": {
                "type": "object",
                "properties": {
                    "name": {
                        "type": "string"
                    },
                    "topLevelDomain": {
                        "type": "array",
                        "items": {
                            "type": "string"
                        }
                    },
                    "alpha2Code": {
                        "type": "string"
                    },
                    "alpha3Code": {
                        "type": "string"
                    },
                    "callingCodes": {
                        "type": "array",
                        "items": {
                            "type": "string"
                        }
                    },
                    "capital": {
                        "type": "string"
                    },
                    "altSpellings": {
                        "type": "array",
                        "items": {
                            "type": "string"
                        }
                    },
                    "region": {
                        "type": "string"
                    },
                    "subregion": {
                        "type": "string"
                    },
                    "population": {
                        "type": "number"
                    },
                    "latlng": {
                        "type": "array",
                        "items": {
                            "type": "number"
                        }
                    },
                    "demonym": {
                        "type": "string"
                    },
                    "area": {
                        "type": "number"
                    },
                    "gini": {
                        "type": "number"
                    },
                    "timezones": {
                        "type": "array",
                        "items": {
                            "type": "string"
                        }
                    },
                    "borders": {
                        "type": "array",
                        "items": {
                            "type": "string"
                        }
                    },
                    "nativeName": {
                        "type": "string"
                    },
                    "numericCode": {
                        "type": "string"
                    },
                    "currencies": {
                        "type": "array",
                        "items": {
                            "$ref": "DefaultRef_uirb4zvclxh8u"
                        }
                    },
                    "languages": {
                        "type": "array",
                        "items": {
                            "$ref": "DefaultRef_uirb4zvclxh8u"
                        }
                    },
                    "translations": {
                        "$ref": "DefaultRef_uirb4zvclxh8u"
                    },
                    "flag": {
                        "type": "string"
                    },
                    "regionalBlocs": {
                        "type": "array",
                        "items": {
                            "$ref": "#/components/schemas/Regionalbloc1"
                        }
                    },
                    "cioc": {
                        "type": "string"
                    }
                }
            },
            "Regionalbloc1": {
                "type": "object",
                "properties": {
                    "acronym": {
                        "type": "string"
                    },
                    "name": {
                        "type": "string"
                    },
                    "otherAcronyms": {
                        "type": "array",
                        "items": {}
                    },
                    "otherNames": {
                        "type": "array",
                        "items": {}
                    }
                }
            }
        }
    }
}