{
    "applicationModelVersion": "19.3.1",
    "id": "workshopapp",
    "description": "A new VB app",
    "defaultPage": "shell",
    "chains": {},
    "services": {
        "countries": {
            "path": "./services/countries/openapi3.json"
        }
    },
    "translations": {
        "app": {
            "path": "./resources/strings/app/nls/app-strings"
        }
    },
    "events": {
        "navigateToItem": {
            "payloadType": {
                "item": "string"
            }
        }
    },
    "types": {},
    "variables": {},
    "userConfig": {
        "type": "vb/DefaultSecurityProvider",
        "configuration": {},
        "embedding": "deny"
    },
    "security": {}
}